{
  "series_stats": {
    "B": {
      "mean": [
        0.570120632648468,
        1.9064236879348755,
        0.2867143452167511
      ],
      "std": [
        4.863100051879883,
        7.042297840118408,
        8.220436096191406
      ],
      "min": [
        -48.158206939697266,
        -105.65508270263672,
        -89.29715728759766
      ],
      "max": [
        52.49183654785156,
        97.96441650390625,
        85.94012451171875
      ],
      "count": 99025701
    },
    "C": {
      "mean": [
        0.16410312056541443,
        1.7401515245437622,
        0.5990996956825256
      ],
      "std": [
        4.8781914710998535,
        7.720603942871094,
        9.079916954040527
      ],
      "min": [
        -71.1691665649414,
        -125.24796295166016,
        -90.33478546142578
      ],
      "max": [
        65.61479187011719,
        121.89093017578125,
        106.63167572021484
      ],
      "count": 99068074
    },
    "D": {
      "mean": [
        0.5739244818687439,
        1.8024252653121948,
        0.7109466791152954
      ],
      "std": [
        5.72244119644165,
        6.8116350173950195,
        8.675122261047363
      ],
      "min": [
        -130.2530059814453,
        -104.55641174316406,
        -74.03790283203125
      ],
      "max": [
        86.42842102050781,
        111.02633666992188,
        83.74279022216797
      ],
      "count": 99152820
    },
    "E": {
      "mean": [
        0.5863216519355774,
        1.9145424365997314,
        0.4049730598926544
      ],
      "std": [
        5.219978332519531,
        6.289712905883789,
        8.114870071411133
      ],
      "min": [
        -58.04620361328125,
        -93.63079071044922,
        -83.80382537841797
      ],
      "max": [
        61.220130920410156,
        108.8290023803711,
        64.14990997314453
      ],
      "count": 99195193
    },
    "F": {
      "mean": [
        0.1317354291677475,
        1.289412260055542,
        0.47898557782173157
      ],
      "std": [
        4.93609094619751,
        5.815587043762207,
        8.188070297241211
      ],
      "min": [
        -48.158206939697266,
        -78.43257141113281,
        -91.43345642089844
      ],
      "max": [
        57.98516845703125,
        80.50782775878906,
        57.61894607543945
      ],
      "count": 99279939
    }
  },
  "overall_stats": {
    "mean": [
      0.4051853491474048,
      1.7304469025820808,
      0.49616778224225183
    ],
    "std": [
      5.13869457829705,
      6.770698560829992,
      8.464875446050494
    ],
    "min": [
      -130.2530059814453,
      -125.24796295166016,
      -91.43345642089844
    ],
    "max": [
      86.42842102050781,
      121.89093017578125,
      106.63167572021484
    ],
    "count": 495721727
  },
  "config": {
    "classes": [
      0,
      1
    ],
    "channels": [
      "A",
      "B",
      "C"
    ],
    "per_channel": true
  }
}