{
  "series_stats": {
    "B": {
      "mean": [
        0.37590014934539795,
        1.8493332862854004,
        0.32529914379119873
      ],
      "std": [
        4.674954414367676,
        6.382658004760742,
        7.3925042152404785
      ],
      "min": [
        -32.83791732788086,
        -109.98870849609375,
        -60.975982666015625
      ],
      "max": [
        34.974212646484375,
        86.00115966796875,
        59.816280364990234
      ],
      "count": 99025701
    },
    "C": {
      "mean": [
        0.8265250325202942,
        2.0594170093536377,
        0.1856217086315155
      ],
      "std": [
        4.624655246734619,
        7.195196628570557,
        8.46327018737793
      ],
      "min": [
        -27.405620574951172,
        -153.5691375732422,
        -133.91522216796875
      ],
      "max": [
        29.54191780090332,
        154.5457305908203,
        107.73033905029297
      ],
      "count": 99110447
    },
    "D": {
      "mean": [
        0.3538641333580017,
        2.0712082386016846,
        0.8113057613372803
      ],
      "std": [
        4.805886745452881,
        7.25653076171875,
        8.94906234741211
      ],
      "min": [
        -29.602954864501953,
        -108.89004516601562,
        -77.27286529541016
      ],
      "max": [
        30.579545974731445,
        100.1007080078125,
        72.87820434570312
      ],
      "count": 99152820
    },
    "E": {
      "mean": [
        0.18776501715183258,
        1.1858391761779785,
        0.4501391649246216
      ],
      "std": [
        4.9172749519348145,
        6.6788153648376465,
        9.339469909667969
      ],
      "min": [
        -33.936580657958984,
        -112.18604278564453,
        -71.84056854248047
      ],
      "max": [
        32.776878356933594,
        108.8290023803711,
        80.50782775878906
      ],
      "count": 99068074
    },
    "F": {
      "mean": [
        0.5789421796798706,
        2.0563929080963135,
        0.4062850773334503
      ],
      "std": [
        4.857291221618652,
        6.19439172744751,
        8.340258598327637
      ],
      "min": [
        -33.936580657958984,
        -193.79254150390625,
        -77.27286529541016
      ],
      "max": [
        44.86220932006836,
        130.6192169189453,
        55.48265075683594
      ],
      "count": 99025701
    }
  },
  "overall_stats": {
    "mean": [
      0.46460912292838324,
      1.8444767576238368,
      0.4357849927619896
    ],
    "std": [
      4.782313803410327,
      6.763632924258058,
      8.525014313146752
    ],
    "min": [
      -33.936580657958984,
      -193.79254150390625,
      -133.91522216796875
    ],
    "max": [
      44.86220932006836,
      154.5457305908203,
      107.73033905029297
    ],
    "count": 495382743
  },
  "config": {
    "classes": [
      5,
      6
    ],
    "channels": [
      "A",
      "B",
      "C"
    ],
    "per_channel": true
  }
}